uniprot_id,predicted_Tm
AAZ54920.1,66.90995693206787
ADM47605.1,68.12460422515869
